Idusuario,Deslogin,Dessenha,Dtcadastro
14,João,Flor,2018-01-30 20:49:56
15,João,Flor,2018-01-30 20:50:55
4,Rafael Valentim,12345678,2018-01-24 21:42:25
2,ragnar,valhala,2018-01-23 21:46:10
3,root,asdf123,2018-01-23 21:46:10
1,user,123456,2018-01-23 21:44:03
5,Ze Pequeno,dadinho_o_car...,2018-01-30 20:41:27
6,Ze Pequeno,dadinho_o_car...,2018-01-30 20:42:24
7,Ze Pequeno,dadinho_o_car...,2018-01-30 20:43:41
9,Ze Pequeno,dadinho_o_car...,2018-01-30 20:43:42
10,Ze Pequeno,dadinho_o_car...,2018-01-30 20:43:42
11,Ze Pequeno,dadinho_o_car...,2018-01-30 20:43:43
12,Ze Pequeno,dadinho_o_car...,2018-01-30 20:46:03
13,Ze Pequeno,dadinho_o_car...,2018-01-30 20:46:08
